-- Insertar Camapañas
INSERT INTO CAMPAÑA (ID, CANTIDAD_INSCRITOS, FECHA_INICIO, FECHA_FIN) VALUES (1, 300, TO_DATE('10/8/2019', 'DAY/MM/RR'), '15/8/2019'); 
INSERT INTO CAMPAÑA (ID, CANTIDAD_INSCRITOS, FECHA_INICIO, FECHA_FIN) VALUES (2, 500, '23/1/2019', '5/2/2019'); 
INSERT INTO CAMPAÑA (ID, CANTIDAD_INSCRITOS, FECHA_INICIO, FECHA_FIN) VALUES (3, 670, '1/10/2019', '1/11/2019'); 
INSERT INTO CAMPAÑA (ID, CANTIDAD_INSCRITOS, FECHA_INICIO, FECHA_FIN) VALUES (4, 1000, '1/5/2019', '15/5/2019'); 

--Insertar Eps
INSERT INTO EPS (ID, NOMBRE, ID_CAMPAÑA) VALUES (1, 'COLSANITAS', 1); 
INSERT INTO EPS (ID, NOMBRE, ID_CAMPAÑA) VALUES (2, 'COMPENSAR', 2); 
INSERT INTO EPS (ID, NOMBRE, ID_CAMPAÑA) VALUES (3, 'CAFE SALUD', 3); 
INSERT INTO EPS (ID, NOMBRE, ID_CAMPAÑA) VALUES (4, 'FAMISANAR', NULL); 
INSERT INTO EPS (ID, NOMBRE, ID_CAMPAÑA) VALUES (5, 'COOMEVA', 4); 
INSERT INTO EPS (ID, NOMBRE, ID_CAMPAÑA) VALUES (6, 'SALUD TOTAL', NULL); 

--Insertar Ips,
INSERT INTO IPS (ID, NOMBRE, ID_EPS, CAPACIDAD, LOCALIZACION) VALUES (1, 'SURA', 2, 1200, 'Calle 6 No. 10 - 125, Chia, Cundinamarca' );
INSERT INTO IPS (ID, NOMBRE, ID_EPS, CAPACIDAD, LOCALIZACION) VALUES (2, 'LA FUNDACION SANTA FE', 1, 2500, 'Carrera 7 No. 117 - 15, Bogota, Cundinamarca');
INSERT INTO IPS (ID, NOMBRE, ID_EPS, CAPACIDAD, LOCALIZACION) VALUES (3, 'HOSPITAL PABLO TOBON URIBE', 3, 800, 'Cl. 78b #69-240, Medellin, Antioquia'); 
INSERT INTO IPS (ID, NOMBRE, ID_EPS, CAPACIDAD, LOCALIZACION) VALUES (4, 'CLINICA DE MARLY', 4, 1500, 'Cl. 50 ## 9 - 67, Bogota, Cundinamarca'); 
INSERT INTO IPS (ID, NOMBRE, ID_EPS, CAPACIDAD, LOCALIZACION) VALUES (5, 'HOSPITAL SAN JOSE', 5, 2000, 'Calle 10 No. 18-75, Bogota, Cundinamarca'); 
INSERT INTO IPS (ID, NOMBRE, ID_EPS, CAPACIDAD, LOCALIZACION) VALUES (6, 'CLINICA  MEDELLIN', 6, 1800, 'Carrera 65 B No. 30 - 95, Medellin, Antioquia'); 

-- Insertar Horario
INSERT INTO HORARIO (ID, ID_IPS, ID_CAMPAÑA, HORA_INICIO, HORA_FIN) VALUES (1, 1, NULL, '28/10/2019 6:30:00 AM', '1/11/2019 16:00:00 PM')

-- Insertar Orden
INSERT INTO ORDEN (ID, DESCRIPCION) VALUES (1, 'DEBE TOMARSE RADIOGRAFIAS');
INSERT INTO ORDEN (ID, DESCRIPCION) VALUES (2, 'SE DEBE REALIZAR UN EXAMEN DE SANGRE');
INSERT INTO ORDEN (ID, DESCRIPCION) VALUES (3, 'SE DEBE REALIZAR UNA LIMPIEZA FACIAL'):

-- Insertar un servicio
INSERT INTO SERVICIO (ID, ID_HORARIO, )


-- Insertar Usuarios(Paciente)
INSERT INTO USUARIO (ID, ID_EPS_GERENTE, ID_EPS_ADMIN, ID_IPS_RECEPCIONISTA, FECHA_NACIMIENTO, NOMBRE, CORREO, TIPO_DOCUMENTO, TIPO_USUARIO) VALUES (1072674622, NULL, NULL, NULL, '13/10/1999' , 'SANTIAGO FAJARDO', 'SANTIAGOFAK@GMAIL.COM', 'CEDULA', 'PACIENTE' );
INSERT INTO USUARIO (ID, ID_EPS_GERENTE, ID_EPS_ADMIN, ID_IPS_RECEPCIONISTA, FECHA_NACIMIENTO, NOMBRE, CORREO, TIPO_DOCUMENTO, TIPO_USUARIO) VALUES (1001169257, NULL, NULL, NULL, '1/3/2000', 'ESTEBAN CARDENAS', 'SABROMOXI@GMAIL.COM', 'CEDULA', 'PACIENTE');
INSERT INTO USUARIO (ID, ID_EPS_GERENTE, ID_EPS_ADMIN, ID_IPS_RECEPCIONISTA, FECHA_NACIMIENTO, NOMBRE, CORREO, TIPO_DOCUMENTO, TIPO_USUARIO) VALUES (5576876438, NULL, NULL, NULL, '1/12/1960', 'ALVEIRA AVILA', 'ALV@HOTMAIL.COM', 'CEDULA', 'PACIENTE');
INSERT INTO USUARIO (ID, ID_EPS_GERENTE, ID_EPS_ADMIN, ID_IPS_RECEPCIONISTA, FECHA_NACIMIENTO, NOMBRE, CORREO, TIPO_DOCUMENTO, TIPO_USUARIO) VALUES (7643434348, NULL, NULL, NULL, '3/5/1975', 'RICARDO MILOS', 'RIK@YAHOO.COM', 'PASAPORTE', 'PACIENTE');
INSERT INTO USUARIO (ID, ID_EPS_GERENTE, ID_EPS_ADMIN, ID_IPS_RECEPCIONISTA, FECHA_NACIMIENTO, NOMBRE, CORREO, TIPO_DOCUMENTO, TIPO_USUARIO) VALUES (1002884168, NULL, NULL, NULL, '23/11/2004', 'PAULA LEE', 'PLE@GMAIL.COM', 'TARJETA DE IDENTIDAD', 'PACIENTE'); 

INSERT INTO PACIENTE (ID_USUARIO, ID_EPS, ESTADO_SALUD) VALUES (1072674622, 1, 'SANO'); 
INSERT INTO PACIENTE (ID_USUARIO, ID_EPS, ESTADO_SALUD) VALUES (1001169257, 3, 'SANO'); 
INSERT INTO PACIENTE (ID_USUARIO, ID_EPS, ESTADO_SALUD) VALUES (5576876438, 5, 'GRAVE'); 
INSERT INTO PACIENTE (ID_USUARIO, ID_EPS, ESTADO_SALUD) VALUES (7643434348, 2, 'GRAVE'); 
INSERT INTO PACIENTE (ID_USUARIO, ID_EPS, ESTADO_SALUD) VALUES (1002884168, 1, 'SANO'); 