-- Insertar Camapanas
INSERT INTO CAMPANA (ID, CANTIDAD_INSCRITOS, FECHA_INICIO, FECHA_FIN) VALUES (1, 300, '10/8/2019', '15/8/2019'); 
INSERT INTO CAMPANA (ID, CANTIDAD_INSCRITOS, FECHA_INICIO, FECHA_FIN) VALUES (2, 500, '23/1/2019', '5/2/2019'); 
INSERT INTO CAMPANA (ID, CANTIDAD_INSCRITOS, FECHA_INICIO, FECHA_FIN) VALUES (3, 670, '1/10/2019', '1/11/2019'); 
INSERT INTO CAMPANA (ID, CANTIDAD_INSCRITOS, FECHA_INICIO, FECHA_FIN) VALUES (4, 1000, '1/5/2019', '15/5/2019'); 

--Insertar Eps
INSERT INTO EPS (ID, NOMBRE, ID_CAMPANA) VALUES (1, 'COLSANITAS', 1); 
INSERT INTO EPS (ID, NOMBRE, ID_CAMPANA) VALUES (2, 'COMPENSAR', 2); 
INSERT INTO EPS (ID, NOMBRE, ID_CAMPANA) VALUES (3, 'CAFE SALUD', 3); 
INSERT INTO EPS (ID, NOMBRE, ID_CAMPANA) VALUES (4, 'FAMISANAR', NULL); 
INSERT INTO EPS (ID, NOMBRE, ID_CAMPANA) VALUES (5, 'COOMEVA', 4); 
INSERT INTO EPS (ID, NOMBRE, ID_CAMPANA) VALUES (6, 'SALUD TOTAL', NULL); 

--Insertar Ips,
INSERT INTO IPS (ID, NOMBRE, ID_EPS, CAPACIDAD, LOCALIZACION) VALUES (2, 'LA FUNDACION SANTA FE', 1, 2500, 'Carrera 7 No. 117 - 15, Bogota, Cundinamarca');
INSERT INTO IPS (ID, NOMBRE, ID_EPS, CAPACIDAD, LOCALIZACION) VALUES (1, 'SURA', 2, 1200, 'Calle 6 No. 10 - 125, Chia, Cundinamarca' );
INSERT INTO IPS (ID, NOMBRE, ID_EPS, CAPACIDAD, LOCALIZACION) VALUES (3, 'HOSPITAL PABLO TOBON URIBE', 3, 800, 'Cl. 78b #69-240, Medellin, Antioquia'); 
INSERT INTO IPS (ID, NOMBRE, ID_EPS, CAPACIDAD, LOCALIZACION) VALUES (4, 'CLINICA DE MARLY', 4, 1500, 'Cl. 50 ## 9 - 67, Bogota, Cundinamarca'); 
INSERT INTO IPS (ID, NOMBRE, ID_EPS, CAPACIDAD, LOCALIZACION) VALUES (5, 'HOSPITAL SAN JOSE', 5, 2000, 'Calle 10 No. 18-75, Bogota, Cundinamarca'); 
INSERT INTO IPS (ID, NOMBRE, ID_EPS, CAPACIDAD, LOCALIZACION) VALUES (6, 'CLINICA  MEDELLIN', 6, 1800, 'Carrera 65 B No. 30 - 95, Medellin, Antioquia'); 

-- Insertar Horario
INSERT INTO HORARIO (ID, ID_IPS, ID_CAMPANA, HORA_INICIO, HORA_FIN) VALUES (1, 1, NULL, '28/10/2019 6:30:00 AM', '1/11/2019 16:00:00 PM')


-- Insertar un servicio
INSERT INTO SERVICIO (ID, NOMBRE) VALUES (1, 'RADIOGRAFIA');
INSERT INTO SERVICIO (ID, NOMBRE) VALUES (2, 'LABORATORIO SANGRE');
INSERT INTO SERVICIO (ID, NOMBRE) VALUES (3, 'TERAPIA');
INSERT INTO SERVICIO (ID, NOMBRE) VALUES (4, 'HOSPITALIZACION');
INSERT INTO SERVICIO (ID, NOMBRE) VALUES (5, 'CIRUGIA');
INSERT INTO SERVICIO (ID, NOMBRE) VALUES (6, 'VACUNACION');
INSERT INTO SERVICIO (ID, NOMBRE) VALUES (7, 'ODONTOLOGIA');

--Insertar servicios a Ips
INSERT INTO IPS_SERVICIOS (ID_IPS, ID_SERVICIO, CAPACIDAD, INHABILITADO, RESERVADO, INICIO_INHABILITACION, FIN_INHABILITACION) VALUES (1, 1, 10, 'N','N' ,NULL, NULL); 
INSERT INTO IPS_SERVICIOS (ID_IPS, ID_SERVICIO, CAPACIDAD, INHABILITADO, RESERVADO, INICIO_INHABILITACION, FIN_INHABILITACION) VALUES (1, 2, 30, 'N','N' ,NULL, NULL);
INSERT INTO IPS_SERVICIOS (ID_IPS, ID_SERVICIO, CAPACIDAD, INHABILITADO, RESERVADO, INICIO_INHABILITACION, FIN_INHABILITACION) VALUES (1, 5, 18, 'N','N' ,NULL, NULL);
INSERT INTO IPS_SERVICIOS (ID_IPS, ID_SERVICIO, CAPACIDAD, INHABILITADO, RESERVADO, INICIO_INHABILITACION, FIN_INHABILITACION) VALUES (2, 1, 5, 'N','N' ,NULL, NULL);
INSERT INTO IPS_SERVICIOS (ID_IPS, ID_SERVICIO, CAPACIDAD, INHABILITADO, RESERVADO, INICIO_INHABILITACION, FIN_INHABILITACION) VALUES (2, 7, 20, 'N','N' ,NULL, NULL);
INSERT INTO IPS_SERVICIOS (ID_IPS, ID_SERVICIO, CAPACIDAD, INHABILITADO, RESERVADO, INICIO_INHABILITACION, FIN_INHABILITACION) VALUES (2, 4, 100, 'N','N' ,NULL, NULL);


--Insertatr ordenes
INSERT INTO ORDEN (ID, DESCRIPCION, FECHA) VALUES (1, 'SE DEBE TOMAR UNA RADIOGRAFIA', '3/5/2019');
INSERT INTO ORDEN (ID, DESCRIPCION, FECHA) VALUES (2, 'SE DEBE REALIZAR UN EXAMEN DE SANGRE', '15/5/2019'); 
INSERT INTO ORDEN (ID, DESCRIPCION, FECHA) VALUES (3, 'SE DEBE VACUNAR', '27/6/2019');
INSERT INTO ORDEN (ID, DESCRIPCION, FECHA) VALUES (4, 'SE DEBE REALIZAR CIRUGIA', '15/6/2019'); 

INSERT INTO ORDENES_SERVICIOS (ID_ORDEN, ID_SERVICIO) VALUES (1, 1);
INSERT INTO ORDENES_SERVICIOS (ID_ORDEN, ID_SERVICIO) VALUES (2, 2);
INSERT INTO ORDENES_SERVICIOS (ID_ORDEN, ID_SERVICIO) VALUES (3, 6);
INSERT INTO ORDENES_SERVICIOS (ID_ORDEN, ID_SERVICIO) VALUES (4, 5);



-- Insertar Usuarios(Paciente)
INSERT INTO USUARIO (ID, ID_EPS_GERENTE, ID_EPS_ADMIN, ID_IPS_RECEPCIONISTA, FECHA_NACIMIENTO, NOMBRE, CORREO, TIPO_DOCUMENTO, TIPO_USUARIO) VALUES (1072674622, NULL, NULL, NULL, '13/10/1999' , 'SANTIAGO FAJARDO', 'SANTIAGOFAK@GMAIL.COM', 'CEDULA', 'PACIENTE' );
INSERT INTO USUARIO (ID, ID_EPS_GERENTE, ID_EPS_ADMIN, ID_IPS_RECEPCIONISTA, FECHA_NACIMIENTO, NOMBRE, CORREO, TIPO_DOCUMENTO, TIPO_USUARIO) VALUES (1001169257, NULL, NULL, NULL, '1/3/2000', 'ESTEBAN CARDENAS', 'SABROMOXI@GMAIL.COM', 'CEDULA', 'PACIENTE');
INSERT INTO USUARIO (ID, ID_EPS_GERENTE, ID_EPS_ADMIN, ID_IPS_RECEPCIONISTA, FECHA_NACIMIENTO, NOMBRE, CORREO, TIPO_DOCUMENTO, TIPO_USUARIO) VALUES (5576876438, NULL, NULL, NULL, '1/12/1960', 'ALVEIRA AVILA', 'ALV@HOTMAIL.COM', 'CEDULA', 'PACIENTE');
INSERT INTO USUARIO (ID, ID_EPS_GERENTE, ID_EPS_ADMIN, ID_IPS_RECEPCIONISTA, FECHA_NACIMIENTO, NOMBRE, CORREO, TIPO_DOCUMENTO, TIPO_USUARIO) VALUES (7643434348, NULL, NULL, NULL, '3/5/1975', 'RICARDO MILOS', 'RIK@YAHOO.COM', 'PASAPORTE', 'PACIENTE');
INSERT INTO USUARIO (ID, ID_EPS_GERENTE, ID_EPS_ADMIN, ID_IPS_RECEPCIONISTA, FECHA_NACIMIENTO, NOMBRE, CORREO, TIPO_DOCUMENTO, TIPO_USUARIO) VALUES (1002884168, NULL, NULL, NULL, '23/11/2004', 'PAULA LEE', 'PLE@GMAIL.COM', 'TARJETA DE IDENTIDAD', 'PACIENTE'); 

INSERT INTO PACIENTE (ID_USUARIO, ID_EPS, ESTADO_SALUD) VALUES (1072674622, 1, 'SANO'); 
INSERT INTO PACIENTE (ID_USUARIO, ID_EPS, ESTADO_SALUD) VALUES (1001169257, 3, 'SANO'); 
INSERT INTO PACIENTE (ID_USUARIO, ID_EPS, ESTADO_SALUD) VALUES (5576876438, 5, 'GRAVE'); 
INSERT INTO PACIENTE (ID_USUARIO, ID_EPS, ESTADO_SALUD) VALUES (7643434348, 2, 'GRAVE'); 
INSERT INTO PACIENTE (ID_USUARIO, ID_EPS, ESTADO_SALUD) VALUES (1002884168, 1, 'SANO'); 